[
    {
        "pk": 1, 
        "model": "flash.field", 
        "fields": {
            "field_type": "T", 
            "show_label": false, 
            "label": "Term", 
            "display": true,
            "sort_order": 1,
            "example_value": "Pabulum"
        }
    },
    {
        "pk": 2, 
        "model": "flash.field", 
        "fields": {
            "field_type": "T", 
            "show_label": false, 
            "label": "Definition", 
            "display": false,
            "sort_order": 2,
            "example_value": "(n) any substance that can be used as food; (n) insipid intellectual nourishment"
        }
    },
    {
        "pk": 3, 
        "model": "flash.field", 
        "fields": {
            "field_type": "I", 
            "show_label": false, 
            "label": "Image", 
            "display": true,
            "sort_order": 1,
            "example_value": "/static/img/leaning-tower-of-pisa-315px.jpeg"
        }
    },
    {
        "pk": 4, 
        "model": "flash.field", 
        "fields": {
            "field_type": "T", 
            "show_label": true, 
            "label": "Artist", 
            "display": false,
            "sort_order": 2,
            "example_value": "Bonanno Pisano"
        }
    },
    {
        "pk": 5, 
        "model": "flash.field", 
        "fields": {
            "field_type": "T", 
            "show_label": true, 
            "label": "Date", 
            "display": false,
            "sort_order": 3,
            "example_value": "Groundbreeaking: 1173; Completed: 1372"
        }
    },
    {
        "pk": 6, 
        "model": "flash.field", 
        "fields": {
            "field_type": "T", 
            "show_label": true, 
            "label": "Title", 
            "display": false,
            "sort_order": 4,
            "example_value": "Leaning Tower of Pisa"
        }
    },
    {
        "pk": 7, 
        "model": "flash.field", 
        "fields": {
            "field_type": "T", 
            "show_label": true, 
            "label": "Materials", 
            "display": false,
            "sort_order": 5,
            "example_value": "marble, stone"
        }
    },
    {
        "pk": 8, 
        "model": "flash.field", 
        "fields": {
            "field_type": "T", 
            "show_label": true, 
            "label": "Location", 
            "display": false,
            "sort_order": 6,
            "example_value": "Pisa, Italy"
        }
    },
    {
        "pk": 9, 
        "model": "flash.field", 
        "fields": {
            "field_type": "T", 
            "show_label": false, 
            "label": "Word", 
            "display": true,
            "sort_order": 1,
			"example_value": "красная площадь"
        }
    },
    {
        "pk": 10, 
        "model": "flash.field", 
        "fields": {
            "field_type": "T", 
            "show_label": true, 
            "label": "Definition", 
            "display": false,
            "sort_order": 2,
			"example_value": "Red Square"
        }
    },
    {
        "pk": 11, 
        "model": "flash.field", 
        "fields": {
            "field_type": "T", 
            "show_label": true, 
            "label": "Pronunciation", 
            "display": false,
            "sort_order": 3,
			"example_value": "krasnaya ploshat"
        }
    },
    {
        "pk": 12, 
        "model": "flash.field", 
        "fields": {
            "field_type": "T", 
            "show_label": true, 
            "label": "Gender", 
            "display": false,
            "sort_order": 4,
			"example_value": "F"
        }
    },
    {
        "pk": 13,
        "model": "flash.field", 
        "fields": {
            "field_type": "T", 
            "show_label": true, 
            "label": "Example", 
            "display": false,
            "sort_order": 5,
			"example_value": ""
        }
    },
    {
        "pk": 14,
        "model": "flash.field", 
        "fields": {
            "field_type": "T", 
            "show_label": true, 
            "label": "Notes", 
            "display": false,
            "sort_order": 6,
			"example_value": ""
        }
    },
    {
        "pk": 15,
        "model": "flash.field", 
        "fields": {
            "field_type": "T", 
            "show_label": false, 
            "label": "Character", 
            "display": true,
            "sort_order": 1,
			"example_value": "北京"
        }
    },
    {
        "pk": 16,
        "model": "flash.field", 
        "fields": {
            "field_type": "T", 
            "show_label": true, 
            "label": "Definition(s)", 
            "display": false,
            "sort_order": 2,
			"example_value": "Beijing; Literal meaning: Northern Capital"
        }
    },
    {
        "pk": 17,
        "model": "flash.field", 
        "fields": {
            "field_type": "T", 
            "show_label": true, 
            "label": "Pinyin", 
            "display": false,
            "sort_order": 3,
			"example_value": "Běijīng"
        }
    },
    {
        "pk": 18,
        "model": "flash.field", 
        "fields": {
            "field_type": "T", 
            "show_label": true, 
            "label": "Source(s)", 
            "display": false,
            "sort_order": 4,
			"example_value": "None"
        }
    },
    {
        "pk": 19,
        "model": "flash.field", 
        "fields": {
            "field_type": "T", 
            "show_label": false, 
            "label": "Word", 
            "display": true,
            "sort_order": 1,
			"example_value": ""
        }
    },
    {
        "pk": 20,
        "model": "flash.field", 
        "fields": {
            "field_type": "T", 
            "show_label": true, 
            "label": "Definition", 
            "display": false,
            "sort_order": 2,
			"example_value": ""
        }
    },
    {
        "pk": 21,
        "model": "flash.field", 
        "fields": {
            "field_type": "A", 
            "show_label": true, 
            "label": "Pronunciation", 
            "display": false,
            "sort_order": 3,
			"example_value": ""
        }
    },
    {
        "pk": 1,
        "model": "flash.CardTemplate",
        "fields": {
            "title": "Default",
            "description": "Default flashcards with a term on the front and a definition on the back."
        }
    },
    {
        "pk": 2,
        "model": "flash.CardTemplate",
        "fields": {
            "title": "Art History",
            "description": "Art History flashcard template."
        }
    },
    {
        "pk": 3,
        "model": "flash.CardTemplate",
        "fields": {
            "title": "Russian",
            "description": "Russian vocabulary flashcard template."
        }
    },
    {
        "pk": 4,
        "model": "flash.CardTemplate",
        "fields": {
            "title": "Chinese",
            "description": "Chinese vocabulary flashcard template."
        }
    },
    {
        "pk": 5,
        "model": "flash.CardTemplate",
        "fields": {
            "title": "Language with Audio",
            "description": "Language flashcards with audio component."
        }
    },
    {
        "pk": 1,
        "model": "flash.CardTemplates_Fields",
        "fields": {
            "card_template": 1,
            "field": 1
        }
    },
    {
        "pk": 2,
        "model": "flash.CardTemplates_Fields",
        "fields": {
            "card_template": 1,
            "field": 2
        }
    },
    {
        "pk": 3,
        "model": "flash.CardTemplates_Fields",
        "fields": {
            "card_template": 2,
            "field": 3
        }
    },
    {
        "pk": 4,
        "model": "flash.CardTemplates_Fields",
        "fields": {
            "card_template": 2,
            "field": 4
        }
    },
    {
        "pk": 5,
        "model": "flash.CardTemplates_Fields",
        "fields": {
            "card_template": 2,
            "field": 5
        }
    },
    {
        "pk": 6,
        "model": "flash.CardTemplates_Fields",
        "fields": {
            "card_template": 2,
            "field": 6
        }
    },
    {
        "pk": 7,
        "model": "flash.CardTemplates_Fields",
        "fields": {
            "card_template": 2,
            "field": 7
        }
    },
    {
        "pk": 8,
        "model": "flash.CardTemplates_Fields",
        "fields": {
            "card_template": 2,
            "field": 8
        }
    },
    {
        "pk": 9,
        "model": "flash.CardTemplates_Fields",
        "fields": {
            "card_template": 3,
            "field": 9
        }
    },
    {
        "pk": 10,
        "model": "flash.CardTemplates_Fields",
        "fields": {
            "card_template": 3,
            "field": 10 
        }
    },
    {
        "pk": 11,
        "model": "flash.CardTemplates_Fields",
        "fields": {
            "card_template": 3,
            "field": 11
        }
    },
    {
        "pk": 12,
        "model": "flash.CardTemplates_Fields",
        "fields": {
            "card_template": 3,
            "field": 12 
        }
    },
    {
        "pk": 13,
        "model": "flash.CardTemplates_Fields",
        "fields": {
            "card_template": 3,
            "field": 13 
        }
    },
    {
        "pk": 14,
        "model": "flash.CardTemplates_Fields",
        "fields": {
            "card_template": 3,
            "field": 14 
        }
    },
    {
        "pk": 15,
        "model": "flash.CardTemplates_Fields",
        "fields": {
            "card_template": 4,
            "field": 15 
        }
    },
    {
        "pk": 16,
        "model": "flash.CardTemplates_Fields",
        "fields": {
            "card_template": 4,
            "field": 16 
        }
    },
    {
        "pk": 17,
        "model": "flash.CardTemplates_Fields",
        "fields": {
            "card_template": 4,
            "field": 17 
        }
    },
    {
        "pk": 18,
        "model": "flash.CardTemplates_Fields",
        "fields": {
            "card_template": 4,
            "field": 18 
        }
    },
    {
        "pk": 19,
        "model": "flash.CardTemplates_Fields",
        "fields": {
            "card_template": 5,
            "field": 19 
        }
    },
    {
        "pk": 20,
        "model": "flash.CardTemplates_Fields",
        "fields": {
            "card_template": 5,
            "field": 20
        }
    },
    {
        "pk": 21,
        "model": "flash.CardTemplates_Fields",
        "fields": {
            "card_template": 5,
            "field": 21
        }
    }
]
